0000,1048,"ESA 1997, The Tycho Catalogues","1997ESASP1200.....P",,"Hp(126)Bt(157)Vt(157)"
0058,1048,"Winzer, John Ernest","1974PhDT........61W","HD1083","U(12)B(12)V(12)"
0000,2453,"ESA 1997, The Tycho Catalogues","1997ESASP1200.....P",,"Hp(96)Bt(115)Vt(115)"
0001,2453,"Catalano, F. A.; Leone, F.","1990A&AS...83..491C","HD1439,HD952","U(43)B(43)V(43)"
0002,2453,"Wolff, S. C. ","1975ApJ...202..127W","?","c1(21)"
0003,2453,"Winzer, J. E.","1974AJ.....79..124W","HD1439","U(14)V(14)B(14)"
0000,3322,"ESA 1997, The Tycho Catalogues","1997ESASP1200.....P",,"Hp(67)Bt(86)Vt(86)"
0031,3322,"Adelman, Saul J.; Meadows, S. A.","2002A&A...390.1023A","HD1439","u(95)v(95)b(95)y(95)"
0058,3322,"Winzer, John Ernest","1974PhDT........61W","HD2924","U(9)B(9)V(9)"
0111,3322,"Pojmanski, G.","2002AcA....52..397P",,"V(60)"
0000,3580,"ESA 1997, The Tycho Catalogues","1997ESASP1200.....P",,"Hp(90)Bt(118)Vt(118)"
0117,3580,"Hensberge, H.; de Loore, C.; Zuiderwijk, E. J.","1977A&A....54..443H","HD4622","u(19)v(19)b(19)y(19)"
0119,3580,"Hensberge, H.; Sterken, C.; van der Linden, T.","1978A&AS...34...67H","HD4622","u(38)v(38)b(38)y(38)"
0000,3980,"ESA 1997, The Tycho Catalogues","1997ESASP1200.....P",,"Hp(118)Bt(168)Vt(168)"
0004,3980,"Vogt, N.; Faundez, A. M.","1979A&AS...36..477V",,"u(12)v(12)b(12)y(12)"
0005,3980,"Maitzen, H. M.; Weiss, W. W.; Wood, H. J.","1980A&A....81..323M ","HD4150","u(14)v(22)b(22)y(22)g1(15)g2(15)&#946;(4)"
0006,3980,"Groote, D.; Kaufmann, J. P.","1983A&AS...53...91G",,"J(3)H(3)K(3)L(3)M(3)"
0000,4778,"ESA 1997, The Tycho Catalogues","1997ESASP1200.....P",,"Hp(129)Bt(167)Vt(167)"
0009,4778,"Rakos, Karl D.","1968PASP...80..324R","HD4335,HD4364","U(12)B(9)V(11)"
0058,4778,"Winzer, John Ernest","1974PhDT........61W","HD4335","U(15)B(15)V(15)"
0000,5601,"ESA 1997, The Tycho Catalogues","1997ESASP1200.....P",,"Hp(69)Bt(100)Vt(100)"
0027.1,5601,"Hensberge, H.; Deridder, G.; Doom, C.; and co.","1981A&AS...46..151H","HD31640","u(16)v(16)"
0027.2,5601,"Hensberge, H.; Deridder, G.; Doom, C.; and co.","1981A&AS...46..151H",,"da(11)V(11)"
0000,5737,"ESA 1997, The Tycho Catalogues","1997ESASP1200.....P",,"Hp(88)Bt(114)Vt(114)"
0006,5737,"Groote, D.; Kaufmann, J. P.","1983A&AS...53...91G",,"J(6)H(6)K(6)L(6)M(6)"
0092.1,5737,"Manfroid, J.; Sterken, C.; Bruch, A.; et al.","1995yCat.2170....0M",,"u(83)v(83)b(83)y(83)"
0092.2,5737,"Manfroid, J.; Sterken, C.; Bruch, A.; et al.","1995yCat.2170....0M",,"u(109)v(109)b(109)y(109)"
0093,5737,"Sterken, C.; Manfroid, J.; Anton, K.; et al.","1995yCat.2188....0S",,"u(220)v(220)b(220)y(220)"
0094,5737,"Kurtz, D. W.; Marang, F.","1987MNRAS.228..141K","HD7259","U(27)B(27)V(27)R(20)I(27)"
0000,5797,"ESA 1997, The Tycho Catalogues","1997ESASP1200.....P",,"Hp(214)Bt(270)Vt(270)"
0002,5797,"Wolff, S. C.","1975ApJ...202..127W","HD5380","u(22)v(22)b(22)y(22)"
0142,5797,"Dukes, Robert J., Jr.; Adelman, Saul J.","2018PASP..130d4202D","HD5408","u(289)v(289)b(289)y(289)"
0000,6178,"ESA 1997, The Tycho Catalogues","1997ESASP1200.....P",,"Hp(100)Bt(134)Vt(134)"
0092,6178,"Manfroid, J.; Sterken, C.; Bruch, A.; et al.","1995yCat.2170....0M",,"u(134)v(134)b(134)y(134)"
0093,6178,"Sterken, C.; Manfroid, J.; Anton, K.; et al.","1995yCat.2188....0S",,"u(149)v(149)b(149)y(149)"
0097,6178,"Manfroid, J.; Sterken, C.; et al.","1995yCat.2200....0M",,"u(74)v(74)b(74)y(74)"
0098,6178,"Sterken, C.; Manfroid, J.; et al.","1996yCat.2202....0S",,"u(33)v(33)b(33)y(33)"
0000,6491,"ESA 1997, The Tycho Catalogues","1997ESASP1200.....P",,"Hp(102)Bt(115)Vt(115)"
0094,6491,"Kurtz, D. W.; Marang, F.","1987MNRAS.228..141K","HD7259","U(84)B(84)V(84)R(40)I(78)"
0000,6532,"ESA 1997, The Tycho Catalogues","1997ESASP1200.....P",,"Hp(96)Bt(117)Vt(117)"
0094,6532,"Kurtz, D. W.; Marang, F.","1987MNRAS.228..141K","HD7259","U(43)B(43)V(43)R(40)I(20)"
0000,7374,"ESA 1997, The Tycho Catalogues","1997ESASP1200.....P",,"Hp(94)Bt(122)Vt(122)"
0058,7374,"Winzer, John Ernest","1974PhDT........61W","HD6397","U(15)B(15)V(15)"
0000,7546,"ESA 1997, The Tycho Catalogues","1997ESASP1200.....P",,"Hp(90)Bt(107)Vt(107)"
0058,7546,"Winzer, John Ernest","1974PhDT........61W","HD6564","U(16)B(16)V(16)"
0000,7676,"ESA 1997, The Tycho Catalogues","1997ESASP1200.....P",,"Hp(126)Bt(147)Vt(147)"
0012,7676,"Strohmeier, W","1965IBVS...89....1S",,"V(17)B(17)"
0013,7676,"Sterken, C.; Manfroid, J.; Beele, D.; et al.","1995A&AS..113...31S",,"u(29)v(29)b(29)y(29)"
0014,7676,"Manfroid, J.; Sterken, C.; Cunow, B.; et al.","1995A&AS..109..329M",,"u(74)v(74)b(74)y(74)"
0000,8441,"ESA 1997, The Tycho Catalogues","1997ESASP1200.....P",,"Hp(95)Bt(135)Vt(135)"
0104,8441,"Wolff, Sidney C.; Morrison, Nancy D.","1973PASP...85..141W","HD8710,HD8862","u(32)v(32)b(32)y(32)"
0000,10221,"ESA 1997, The Tycho Catalogues","1997ESASP1200.....P",,"Hp(142)Bt(171)Vt(171)"
0058,10221,"Winzer, John Ernest","1974PhDT........61W","HD6829","U(13)B(13)V(13)"
0000,10783,"ESA 1997, The Tycho Catalogues","1997ESASP1200.....P",,"Hp(99)Bt(147)Vt(147)"
0077,10783,"van Genderen, A. M.","1971A&A....14...48V","HD10262","V(23)B(23)L(23)U(23)W(23)"
0000,11187,"ESA 1997, The Tycho Catalogues","1997ESASP1200.....P",,"Hp(124)Bt(174)Vt(174)"
0019,11187,"Adelman, S. J.; Boyce, P. W.","1995A&AS..114..253A","HD11335","u(100)v(100)b(100)y(100)"
0000,11291,"ESA 1997, The Tycho Catalogues","1997ESASP1200.....P",,"Hp(116)Bt(151)Vt(151)"
0058,11291,"Winzer, John Ernest","1974PhDT........61W","HD11335","U(9)B(9)V(9)"
0000,12288,"ESA 1997, The Tycho Catalogues","1997ESASP1200.....P",,"Hp(164)Bt(219)Vt(219)"
0104,12288,"Wolff, Sidney C.; Morrison, Nancy D.","1973PASP...85..141W","HD8710,HD8862","u(25)v(25)b(25)y(25)"
0058,12447,"Winzer, John Ernest","1974PhDT........61W","HD13467","U(15)B(15)V(15)"
0115,12447,"Adelman, Saul J.; Woodrow, Stephanie L.","2007PASP..119.1256A","HD12573","u(148)v(148)b(148)y(148)"
0000,14392,"ESA 1997, The Tycho Catalogues","1997ESASP1200.....P",,"Hp(171)Bt(230)Vt(230)"
0016,14392,"Adelman, S. J.; Knox, J. R., Jr.","1994A&AS..103....1A","HD14212","u(81)v(81)b(81)y(81)"
0058,14392,"Winzer, John Ernest","1974PhDT........61W","HD14212","U(19)B(19)V(19)"
0000,15144,"ESA 1997, The Tycho Catalogues","1997ESASP1200.....P",,"Hp(108)Bt(142)Vt(142)"
0006,15144,"Groote, D.; Kaufmann, J. P.","1983A&AS...53...91G",,"J(3)H(3)K(3)L(3)"
0019,15144,"Adelman, S. J.; Boyce, P. W.","1995A&AS..114..253A","HD15130","u(74)v(74)b(74)y(74)"
0077,15144,"van Genderen, A. M.","1971A&A....14...48V","HD15798","V(8)B(8)L(8)U(7)W(7) [in mag, in paper logE]"
0115,15144,"Adelman, Saul J.; Woodrow, Stephanie L.","2007PASP..119.1256A","HD15130","u(41)v(41)b(41)y(41)"
0000,15980,"ESA 1997, The Tycho Catalogues","1997ESASP1200.....P",,"Hp(122)Bt(171)Vt(171)"
0017,15980,"Adelman, Saul J.","1999A&AS..134...53A","HD16219","u(95)v(95)b(95)y(95)"
0115,15980,"Adelman, Saul J.; Woodrow, Stephanie L.","2007PASP..119.1256A","HD16219","u(86)v(86)b(86)y(86)"
0000,16004,"ESA 1997, The Tycho Catalogues","1997ESASP1200.....P",,"Hp(110)Bt(136)Vt(136)"
0058,16004,"Winzer, John Ernest","1974PhDT........61W","HD15683","U(9)B(9)V(9)"
0000,16545,"ESA 1997, The Tycho Catalogues","1997ESASP1200.....P",,"Hp(100)Bt(131)Vt(131)"
0112,16545,"Adelman, Saul J.","2007PASP..119..980A","HD16004","u(121)v(121)b(121)y(121)"
0000,19832,"ESA 1997, The Tycho Catalogues","1997ESASP1200.....P",,"Hp(59)Bt(71)Vt(71)"
0091.1,19832,"Fried, R. E.; Adelman, S. J.","2003JAD.....9....2F","HD19600","U(513)B(513)V(513)"
0091.2,19832,"Fried, R. E.; Adelman, S. J.","2003JAD.....9....2F","HD19600","U(533)B(533)V(533)"
0091.3,19832,"Fried, R. E.; Adelman, S. J.","2003JAD.....9....2F","HD19600","U(294)B(294)V(294)"
0091.4,19832,"Fried, R. E.; Adelman, S. J.","2003JAD.....9....2F","HD19600","U(317)B(417)V(417)"
0091.5,19832,"Fried, R. E.; Adelman, S. J.","2003JAD.....9....2F","HD19600","U(236)B(236)V(236)"
0111,19832,"Pojmanski, G.","2002AcA....52..397P",,"V(73)"
0000,20629,"ESA 1997, The Tycho Catalogues","1997ESASP1200.....P",,"Hp(50)Bt(66)Vt(66)"
0110,20629,"Adelman, Saul J.","2006PASP..118...77A","HD21050","u(67)v(67)b(67)y(67)"
0000,22316,"ESA 1997, The Tycho Catalogues","1997ESASP1200.....P",,"Hp(83)Bt(107)Vt(107)"
0017.1,22316,"Adelman, Saul J.","1999A&AS..134...53A","HD23383","u(86)v(86)b(86)y(86)"
0017.2,22316,"Adelman, Saul J.","1999A&AS..134...53A","HD21447","u(12)v(12)b(12)y(12)"
0000,22470,"ESA 1997, The Tycho Catalogues","1997ESASP1200.....P",,"Hp(78)Bt(110)Vt(110)"
0006,22470,"Groote, D.; Kaufmann, J. P.","1983A&AS...53...91G",,"J(3)H(4)K(4)L(4)M(3)"
0019,22470,"Adelman, S. J.; Boyce, P. W.","1995A&AS..114..253A","HD23055","u(77)v(77)b(77)y(77)"
0020,22470,"Adelman, Saul J.","2000A&AS..146...13A","HD23055","u(130)v(130)b(130)y(130)"
0111,22470,"Pojmanski, G.","2002AcA....52..397P",,"V(547)"
0000,23950,"ESA 1997, The Tycho Catalogues","1997ESASP1200.....P",,"Hp(79)Bt(94)Vt(94)"
0058,23950,"Winzer, John Ernest","1974PhDT........61W","HD23753","U(13)B(13)V(13)"
0000,24155,"ESA 1997, The Tycho Catalogues","1997ESASP1200.....P",,"Hp(86)Bt(103)Vt(103)"
0006,24155,"Groote, D.; Kaufmann, J. P.","1983A&AS...53...91G",,"J(2)H(2)K(2)L(2)M(2)"
0058,24155,"Winzer, John Ernest","1974PhDT........61W","HD23538","U(18)B(18)V(18)"
0000,24712,"ESA 1997, The Tycho Catalogues","1997ESASP1200.....P",,"Hp(78)Bt(92)Vt(92)"
0006,24712,"Groote, D.; Kaufmann, J. P.","1983A&AS...53...91G",,"J(3)H(3)K(3)L(3)M(3)"
0104,24712,"Wolff, Sidney C.; Morrison, Nancy D.","1973PASP...85..141W","HD8710,HD8862","u(23)v(23)b(23)y(23)"
0000,24769,"ESA 1997, The Tycho Catalogues","1997ESASP1200.....P",,"Hp(90)Bt(121)Vt(121)"
0058,24769,"Winzer, John Ernest","1974PhDT........61W","HD23753","U(14)B(14)V(14)"
0079,24769,"Adelman, S. J.; Pi, C.-L. M.; Rayle, K. E.","1998A&AS..133..197A","HD23753","u(73)v(73)b(73)y(73)"
0000,25354,"ESA 1997, The Tycho Catalogues","1997ESASP1200.....P",,"Hp(96)Bt(124)Vt(124)"
0068,25354,"Burke, Edward W., Jr.; and co.","1970JRASC..64..353B","HD25643","V(10)"
0126,25354,"Rakos, Karl D.","1962LowOB...5..227R","HD25411","U(21)B(20)V(21)"
0000,25823,"ESA 1997, The Tycho Catalogues","1997ESASP1200.....P",,"Hp(90)Bt(130)Vt(130)"
0058,25823,"Winzer, John Ernest","1974PhDT........61W","HD27176","U(8)B(8)V(8)"
0126,25823,"Rakos, Karl D.","1962LowOB...5..227R","HD25626","B(45)V(34)"
0000,26571,"ESA 1997, The Tycho Catalogues","1997ESASP1200.....P",,"Hp(61)Bt(88)Vt(88)"
0020,26571,"Adelman, Saul J.","2000A&AS..146...13A","HD27176","u(117)v(117)b(117)y(117)"
0021,26571,"Adelman, Saul J.; Brunhouse, Eric F.","1998PASP..110.1304A","HD27176","u(79)v(79)b(79)y(79)"
0058,26571,"Winzer, John Ernest","1974PhDT........61W","HD27176","U(18)B(18)V(18)"
0111,26571,"Pojmanski, G.","2002AcA....52..397P",,"V(307)"
0121,26571,"Adelman, Saul J.","2008PASP..120..595A","HD27176","u(102)v(102)b(102)y(102)"
0000,26792,"ESA 1997, The Tycho Catalogues","ESA, SP-1200",,"Hp(119)"
0142,26792,"Dukes, Robert J., Jr.; Adelman, Saul J.","2018PASP..130d4202D","HD26553","u(217)v(217)b(217)y(217)"
0000,27295,"ESA 1997, The Tycho Catalogues","1997ESASP1200.....P",,"Hp(88)Bt(119)Vt(119)"
0058,27295,"Winzer, John Ernest","1974PhDT........61W","HD27176","U(14)B(14)V(14)"
0118,27295,"Adelman, Saul J.","1993A&A...269..411A","HD27176","u(26)v(26)b(26)y(26)"
0000,27309,"ESA 1997, The Tycho Catalogues","1997ESASP1200.....P",,"Hp(75)Bt(101)Vt(101)"
0022,27309,"North, P.; Adelman, S. J.","1995A&AS..111...41N","HD27176","u(34)v(34)b(34)y(34)"
0022,27309,"North, P.; Adelman, S. J.","1995A&AS..111...41N",,"U(27)B(27)V(89)B1(27)B2(27)V1(27)G(27)"
0023,27309,"Nikolov, A. S.","1974IBVS..942....1N","HD27176","U(14)P(13)X(13)Y(14)Z(14)V(14)HR(14)S(12)MR(13)DR(13)[MR,DR]"
0024,27309,"Musielok, B.; Lange, D.; Schoenich, W.; et al.","1980AN....301...71M","HD27176","U(24)P(23)X(24)Y(24)Z(23)V(24)HR(24)S(24)MR(24)DR(23)[P,Y,V,HR,S]"
0058,27309,"Winzer, John Ernest","1974PhDT........61W","HD27176","U(25)B(25)V(25)"
0111,27309,"Pojmanski, G.","2002AcA....52..397P",,"V(280)"
0142,27309,"Dukes, Robert J., Jr.; Adelman, Saul J.","2018PASP..130d4202D","HD27176","u(261)v(261)b(261)y(261)"
0000,28843,"ESA 1997, The Tycho Catalogues","1997ESASP1200.....P",,"Hp(85)Bt(115)Vt(115)"
0006,28843,"Groote, D.; Kaufmann, J. P.","1983A&AS...53...91G",,"J(9)H(9)K(9)L(9)M(8)"
0026,28843,"Pedersen, H.; Thomsen, B.","1977A&AS...30...11P",,"u(11)v(11)b(11)y(11)"
0046,28843,"Waelkens, C.","1985A&AS...61..127W",,"U-B1(31)B1-B2(31)B2-V1(31)V1-G(31)B(31)V(31)"
0092,28843,"Manfroid, J.; Sterken, C.; Bruch, A.; et al.","1995yCat.2170....0M",,"u(38)v(38)b(38)y(38)"
0093,28843,"Sterken, C.; Manfroid, J.; Anton, K.; et al.","1995yCat.2188....0S",,"u(60)v(60)b(60)y(60)"
0097,28843,"Manfroid, J.; Sterken, C.; et al.","1995yCat.2200....0M",,"u(7)v(7)b(7)y(7)"
0000,29009,"ESA 1997, The Tycho Catalogues","1997ESASP1200.....P",,"Hp(107)Bt(98)Vt(98)"
0006,29009,"Groote, D.; Kaufmann, J. P.","1983A&AS...53...91G",,"J(3)H(3)K(3)L(3)M(3)"
0092,29009,"Manfroid, J.; Sterken, C.; Bruch, A.; et al.","1995yCat.2170....0M",,"u(305)v(305)b(305)y(305)"
0093,29009,"Sterken, C.; Manfroid, J.; Anton, K.; et al.","1995yCat.2188....0S",,"u(248)v(248)b(248)y(248)"
0000,29305,"ESA 1997, The Tycho Catalogues","1997ESASP1200.....P",,"Hp(117)Bt(155)Vt(155)"
0006,29305,"Groote, D.; Kaufmann, J. P.","1983A&AS...53...91G",,"J(4)H(4)K(4)L(4)M(4)"
0039,29305,"Heck, A.; Mathys, G.; Manfroid, J.","1987A&AS...70...33H","HD24863","u(38)v(38)b(38)y(38)"
0000,30849,"ESA 1997, The Tycho Catalogues","1997ESASP1200.....P",,"Hp(108)Bt(162)Vt(163)"
0004,30849,"Vogt, N.; Faundez, A. M.","1979A&AS...36..477V",,"u(8)v(8)b(8)y(8)"
0027,30849,"Hensberge, H.; Deridder, G.; Doom, C.; et al.","1981A&AS...46..151H","HD31640","u(24)v(24)"
0027,30849,"Hensberge, H.; Deridder, G.; Doom, C.; et al.","1981A&AS...46..151H",,"deltaa(15)V(15)"
0029,30849,"Hensberge, H.; Weiss, W. W.; et al.","1982IBVS.2170....1H","HD31640","u(3)v(3)b(3)y(3)"
0000,31373,"ESA 1997, The Tycho Catalogues","1997ESASP1200.....P",,"Hp(73)Bt(105)Vt(105)"
0021,31373,"Adelman, Saul J.; Brunhouse, Eric F.","1998PASP..110.1304A","HD33276","u(62)v(62)b(62)y(62)"
0000,32549,"ESA 1997, The Tycho Catalogues","1997ESASP1200.....P",,"Hp(85)Bt(129)Vt(129)"
0058,32549,"Winzer, John Ernest","1974PhDT........61W","HD33276","U(14)B(14)V(14)"
0000,32633,"ESA 1997, The Tycho Catalogues","1997ESASP1200.....P",,"Hp(85)Bt(105)Vt(105)"
0007,32633,"Preston, George W.; Stepien, Kazimierz","1968ApJ...151..577P",,"U(17)B(17)V(17)"
0030,32633,"Adelman, S. J.","1997A&AS..122..249A","HD32608","u(91)v(91)b(91)y(91)"
0087,32633,"Adelman, S. J.; Kaewkornmaung, P.","2005A&A...435.1099A","HD32068","u(77)v(77)b(77)y(77)"
0000,32650,"ESA 1997, The Tycho Catalogues","1997ESASP1200.....P",,"Hp(189)Bt(261)Vt(261)"
0037,32650,"Adelman, Saul J.","1997PASP..109....9A","HD33541","u(69)v(69)b(69)y(69)"
0058,32650,"Winzer, John Ernest","1974PhDT........61W","HD31590","U(16)B(16)V(16)"
0113,32650,"Adelman, Saul J.; Sutton, Jason M.","2007PASP..119..733A","HD33541","u(135)v(135)b(135)y(135)"
0000,32966,"ESA 1997, The Tycho Catalogues","1997ESASP1200.....P",,"Hp(153)Bt(217)Vt(217)"
0004,32966,"Vogt, N.; Faundez, A. M.","1979A&AS...36..477V",,"u(4)v(4)b(4)y(4)"
0031,32966,"Adelman, Saul J.; Meadows, S. A.","2002A&A...390.1023A","HD31726","u(66)v(66)b(66)y(66)"
0000,33904,"ESA 1997, The Tycho Catalogues","1997ESASP1200.....P",,"Hp(127)Bt(172)Vt(172)"
0006,33904,"Groote, D.; Kaufmann, J. P.","1983A&AS...53...91G",,"J(4)H(4)K(4)L(4)M(4)"
0039,33904,"Heck, A.; Mathys, G.; Manfroid, J.","1987A&AS...70...33H","HD34816,HD35337","u(29)v(29)b(29)y(29)"
0000,34364,"ESA 1997, The Tycho Catalogues","1997ESASP1200.....P",,"Hp(83)Bt(121)Vt(121)"
0045.1,34364,"Adelman, Saul J.","1998A&AS..128..245A","HD34499","u(22)v(22)b(22)y(22)"
0045.2,34364,"Adelman, Saul J.","1998A&AS..128..245A","HD34499","u(23)v(23)b(23)y(23)"
0128,34364,"Johansen, K. T.","1970A&A.....4....1J","HD34334","u(176)v(181)b(181)y(154)hbeta191(187)hbeta37(187)"
0137,34364,"Žižňovský J.","Skalnaté Pleso","HD34578","B(85)V(96)"
0000,35298,"ESA 1997, The Tycho Catalogues","1997ESASP1200.....P",,"Hp(119)Bt(155)Vt(155)"
0092,35298,"Manfroid, J.; Sterken, C.; Bruch, A.; et al.","1995yCat.2170....0M",,"u(52)v(52)b(52)y(52)"
0093,35298,"Sterken, C.; Manfroid, J.; Anton, K.; et al.","1995yCat.2188....0S",,"u(36)v(36)b(36)y(36)"
0102,35298,"Adelman, S. J.; Rice, R. H.","1999A&AS..136..111A","HD33647","u(100)v(100)b(100)y(100)"
0000,36629,"ESA 1997, The Tycho Catalogues","1997ESASP1200.....P",,"Hp(85)Bt(118)Vt(118)"
0039,36629,"Heck, A.; Mathys, G.; Manfroid, J.","1987A&AS...70...33H","HD36342","u(16)v(16)b(16)y(16)"
0000,36668,"ESA 1997, The Tycho Catalogues","1997ESASP1200.....P",,"Hp(111)Bt(135)Vt(135)"
0032,36668,"Adelman, Saul J.","2000A&A...357..548A","HD33647","u(115)v(115)b(115)y(115)"
0000,37210,"ESA 1997, The Tycho Catalogues","1997ESASP1200.....P",,"Bt(146)Vt(146)"
0092,37210,"Manfroid, J.; Sterken, C.; Bruch, A.; et al.","1995yCat.2170....0M",,"u(113)v(113)b(113)y(113)"
0093,37210,"Sterken, C.; Manfroid, J.; Anton, K.; et al.","1995yCat.2188....0S",,"u(347)v(347)b(347)y(347)"
0097,37210,"Manfroid, J.; Sterken, C.; et al.","1995yCat.2200....0M",,"u(90)v(90)b(90)y(90)"
0000,37776,"ESA 1997, The Tycho Catalogues","1997ESASP1200.....P",,"Hp(103)Bt(129)Vt(129)"
0006,37776,"Groote, D.; Kaufmann, J. P.","1983A&AS...53...91G",,"J(10)H(10)K(10)L(10)M(8)"
0026,37776,"Pedersen, H.; Thomsen, B.","1977A&AS...30...11P",,"u(54)v(54)b(54)y(54)"
0033,37776,"Adelman, S. J.","1997A&AS..125...65A","HD36591","u(42)v(42)b(42)y(42)"
0085,37776,"Adelman, S. J.; Pyper, D. M.","1985A&AS...62..279A","HD37744","u(18)v(18)b(18)y(18)&#946;(15)"
0103,37776,"Bartolini, C.; Bonifazi, A.; et al.","1982Ap&SS..83..287B","HD37674,HD37393","U(41)B(58)V(58)"
0111,37776,"Pojmanski, G.","2002AcA....52..397P",,"V(470)"
0123.1,37776,"Mikulášek, Z.; Krtička, J.; Henry, G.W.; and co.","2008A&A...485..585M","HD37788","B(209)V(209)"
0123.2,37776,"Mikulášek, Z.; Krtička, J.; Henry, G.W.; and co.","2008A&A...485..585M","HD36166","U(14)B(17)V(17)"
0123.3,37776,"Mikulášek, Z.; Krtička, J.; Henry, G.W.; and co.","2008A&A...485..585M","HD36591","U(30)B(27)V(27)"
0137,37776,"Mikulášek, Z.; Krtička, J; and co.","2011A&A...534L...5M","HD37788","B(183)V(183)"
0000,38104,"ESA 1997, The Tycho Catalogues","1997ESASP1200.....P",,"Hp(67)Bt(84)Vt(84)"
0058,38104,"Winzer, John Ernest","1974PhDT........61W","HD38179","U(10)B(10)V(10)"
0000,38478,"ESA 1997, The Tycho Catalogues","1997ESASP1200.....P",,"Hp(119)Bt(100)Vt(100)"
0058,38478,"Winzer, John Ernest","1974PhDT........61W","HD37147","U(10)B(10)V(10)"
0000,38823,"ESA 1997, The Tycho Catalogues","1997ESASP1200.....P",,"Hp(73)Bt(93)Vt(93)"
0004,38823,"Vogt, N.; Faundez, A. M.","1979A&AS...36..477V",,"u(4)v(4)b(4)y(4)"
0027,38823,"Hensberge, H.; Deridder, G.; Doom, C.; et al.","1981A&AS...46..151H","HD38856","u(20)v(20)"
0027,38823,"Hensberge, H.; Deridder, G.; Doom, C.; et al.","1981A&AS...46..151H",,"deltaa(11)V(11)"
0000,39317,"ESA 1997, The Tycho Catalogues","1997ESASP1200.....P",,"Hp(80)Bt(100)Vt(100)"
0058,39317,"Winzer, John Ernest","1974PhDT........61W","HD38899","U(12)B(12)V(12)"
0000,40312,"ESA 1997, The Tycho Catalogues","1997ESASP1200.....P",,"Hp(119)Bt(183)Vt(183)"
0037,40312,"Adelman, Saul J.","1997PASP..109....9A","HD39182","u(47)v(47)b(47)y(47)"
0058,40312,"Winzer, John Ernest","1974PhDT........61W","HD38104","U(15)B(15)V(15)hbeta(7)"
0087,40312,"Adelman, S. J.; Kaewkornmaung, P.","2005A&A...435.1099A","HD39182","u(69)v(69)b(69)y(69)"
0000,40394,"ESA 1997, The Tycho Catalogues","1997ESASP1200.....P",,"Hp(162)Bt(176)Vt(176)"
0021,40394,"Adelman, Saul J.; Brunhouse, Eric F.","1998PASP..110.1304A","HD40626","u(83)v(83)b(83)y(83)"
0058,40394,"Winzer, John Ernest","1974PhDT........61W","HD38179","U(13)B(13)V(13)"
0116,40394,"Adelman, Saul J.","2005PASP..117..476A","HD40626","u(72)v(72)b(72)y(72)"
0000,41089,"ESA 1997, The Tycho Catalogues","1997ESASP1200.....P",,"Hp(133)Bt(187)Vt(187)"
0092,41089,"Manfroid, J.; Sterken, C.; Bruch, A.; et al.","1995yCat.2170....0M",,"u(163)v(163)b(163)y(163)"
0093,41089,"Sterken, C.; Manfroid, J.; Anton, K.; et al.","1995yCat.2188....0S",,"u(67)v(67)b(67)y(67)"
0000,41269,"ESA 1997, The Tycho Catalogues","1997ESASP1200.....P",,"Hp(81)Bt(100)Vt(100)"
0058,41269,"Winzer, John Ernest","1974PhDT........61W","HD40588","U(8)B(8)V(8)"
0000,43819,"ESA 1997, The Tycho Catalogues","1997ESASP1200.....P",,"Hp(95)Bt(170)Vt(170)"
0006,43819,"Groote, D.; Kaufmann, J. P.","1983A&AS...53...91G",,"J(3)H(3)K(3)L(3)"
0033,43819,"Adelman, S. J.","1997A&AS..125...65A","HD43153","u(110)v(110)b(110)y(110)"
0058,43819,"Winzer, John Ernest","1974PhDT........61W","HD43153","U(9)B(9)V(9)"
0086,43819,"Adelman, S. J.; Young, K. J.","2005A&A...429..317A","HD43153","u(61)v(61)b(61)y(61)"
0111,43819,"Pojmanski, G.","2002AcA....52..397P",,"V(384)"
0000,47152,"ESA 1997, The Tycho Catalogues","1997ESASP1200.....P",,"Hp(90)Bt(100)Vt(100)"
0058,47152,"Winzer, John Ernest","1974PhDT........61W","HD46553","U(10)B(10)V(10)"
0000,49333,"ESA 1997, The Tycho Catalogues","1997ESASP1200.....P",,"Hp(136)Bt(190)Vt(190)"
0006,49333,"Groote, D.; Kaufmann, J. P.","1983A&AS...53...91G",,"J(9)H(9)K(9)L(9)M(9)"
0020,49333,"Adelman, Saul J.","2000A&AS..146...13A","HD47703","u(66)v(66)b(66)y(66)"
0026,49333,"Pedersen, H.; Thomsen, B.","1977A&AS...30...11P",,"u(16)v(16)b(16)y(16)"
0000,49606,"ESA 1997, The Tycho Catalogues","1997ESASP1200.....P",,"Hp(97)Bt(100)Vt(100)"
0017.1,49606,"Adelman, Saul J.","1999A&AS..134...53A","HD48097","u(97)v(97)b(97)y(97)"
0017.2,49606,"Adelman, Saul J.","1999A&AS..134...53A","HD47863","u(42)v(42)b(42)y(42)"
0000,49713,"ESA 1997, The Tycho Catalogues","ESA, SP-1200",,"Hp(82)Bt(125)Vt(125)"
0142,49713 ,"Dukes, Robert J., Jr.; Adelman, Saul J.","2018PASP..130d4202D","HD47964","u(344)v(344)b(344)y(344)"
0000,49976,"ESA 1997, The Tycho Catalogues","1997ESASP1200.....P",,"Hp(87)Bt(115)Vt(115)"
0006,49976,"Groote, D.; Kaufmann, J. P.","1983A&AS...53...91G",,"J(4)H(4)K(4)L(4)M(4)"
0114,49976,"Pilachowski, C.A.; Bonsack, W.K.; Wolff, S.C.","1974A&A....37..275P",,"u(22)v(22)b(22)y(22)"
0000,50169,"ESA 1997, The Tycho Catalogues","1997ESASP1200.....P",,"Hp(87)Bt(129)Vt(128)"
0039,50169,"Heck, A.; Mathys, G.; Manfroid, J.","1987A&AS...70...33H","HD50040,50405","u(25)v(25)b(25)y(25)"
0079,50169,"Adelman, S. J.; Pi, C.-L. M.; Rayle, K. E.","1998A&AS..133..197A","HD50040","u(100)v(100)b(100)y(100)"
0000,50204,"ESA 1997, The Tycho Catalogues","1997ESASP1200.....P",,"Hp(123)Bt(100)Vt(100)"
0058,50204,"Winzer, John Ernest","1974PhDT........61W","HD50037","U(13)B(13)V(13)"
0000,50461,"ESA 1997, The Tycho Catalogues","1997ESASP1200.....P",,"Hp(98)Bt(137)Vt(137)"
0039,50461,"Heck, A.; Mathys, G.; Manfroid, J.","1987A&AS...70...33H","HD50672,50936","u(21)v(21)b(21)y(21)"
0000,51418,"ESA 1997, The Tycho Catalogues","1997ESASP1200.....P",,"Hp(110)Bt(143)Vt(143)"
0024,51418,"Musielok, B.; Lange, D.; Schoenich, W.; et al.","1980AN....301...71M","HD50973","U(17)P(17)X(16)Y(16)Z(17)V(17)HR(17)S(17)MR(17)DR(16)[P,Y,V,HR,S]"
0034,51418,"Gulliver, A. F.; Winzer, J. E.","1973ApJ...183..701G","HD50037","U(25)V(25)B(25)&#946;(8)"
0035,51418,"Pyper, D. M.; Adelman, S. J.","1983A&AS...51..365P","HD50037","u(17)v(17)b(17)y(17)&#946;(17)"
0000,53244,"ESA 1997, The Tycho Catalogues","1997ESASP1200.....P",,"Hp(125)Bt(192)Vt(192)"
0039,53244,"Heck, A.; Mathys, G.; Manfroid, J.","1987A&AS...70...33H","HD49229,56405","u(23)v(23)b(23)y(23)"
0000,54118,"ESA 1997, The Tycho Catalogues ","1997ESASP1200.....P",,"Hp(126)Bt(189)Vt(189)"
0092,54118,"Manfroid, J.; Sterken, C.; Bruch, A.; et al.","1995yCat.2170....0M",,"u(119)v(119)b(119)y(119)"
0093,54118,"Sterken, C.; Manfroid, J.; Anton, K.; et al.","1995yCat.2188....0S",,"u(64)v(64)b(64)y(64)"
0000,55579,"ESA 1997, The Tycho Catalogues","1997ESASP1200.....P",,"Hp(100)Bt(124)Vt(124)"
0021,55579,"Adelman, Saul J.; Brunhouse, Eric F.","1998PASP..110.1304A","HD57744","u(147)v(147)b(147)y(147)"
0058,55579,"Winzer, John Ernest","1974PhDT........61W","HD57744","U(12)B(13)V(13)"
0116,55579,"Adelman, Saul J.","2005PASP..117..476A","HD57744","u(78)v(78)b(78)y(78)"
0000,55719,"ESA 1997, The Tycho Catalogues","1997ESASP1200.....P",,"Hp(133)Bt(182)Vt(182)"
0039,55719,"Heck, A.; Mathys, G.; Manfroid, J.","1987A&AS...70...33H","HD55719,53704","u(35)v(35)b(35)y(35)"
0000,56022,"ESA 1997, The Tycho Catalogues","1997ESASP1200.....P",,"Hp(127)Bt(159)Vt(159)"
0027,56022,"Hensberge, H.; Deridder, G.; Doom, C.; and co.","1981A&AS...46..151H","HD56456","u(23)v(23)b(23)y(23)deltaa(11)"
0039,56022,"Heck, A.; Mathys, G.; Manfroid, J.","1987A&AS...70...33H","HD53704,56456","u(35)v(35)b(35)y(35)"
0000,56455,"ESA 1997, The Tycho Catalogues","1997ESASP1200.....P",,"Hp(106)Bt(113)Vt(113)"
0039,56455,"Heck, A.; Mathys, G.; Manfroid, J.","1987A&AS...70...33H","HD53704,56456","u(35)v(35)b(35)y(35)"
0000,58661,"ESA 1997, The Tycho Catalogues","1997ESASP1200.....P",,"Hp(81)Bt(100)Vt(100)"
0058,58661,"Winzer, John Ernest","1974PhDT........61W","HD60652","U(10)B(10)V(10)"
0000,59256,"ESA 1997, The Tycho Catalogues","1997ESASP1200.....P",,"Hp(183)Bt(261)Vt(261)"
0039,59256,"Heck, A.; Mathys, G.; Manfroid, J.","1987A&AS...70...33H","HD58377","u(25)v(25)b(25)y(25)"
0000,59435,"ESA 1997, The Tycho Catalogues","1997ESASP1200.....P",,"Hp(92)Bt(128)Vt(128)"
0039,59435,"Heck, A.; Mathys, G.; Manfroid, J.","1987A&AS...70...33H","HD59154,59692","u(21)v(21)b(21)y(21)"
0000,62140,"ESA 1997, The Tycho Catalogues ","1997ESASP1200.....P",,"Hp(160)Bt(206)Vt(206)"
0036,62140,"Bonsack, W. K.; Pilachowski, C. A.; Wolff","1974ApJ...187..265B",,"u(11)v(11)b(11)y(11)"
0037,62140,"Adelman, Saul J.","1997PASP..109....9A","HD61497","u(89)v(89)b(89)y(89)"
0058,62140,"Winzer, John Ernest","1974PhDT........61W","HD58971","U(12)B(12)V(12)"
0087,62140,"Adelman, S. J.; Kaewkornmaung, P.","2005A&A...435.1099A","HD61497","u(77)v(77)b(77)y(77)"
0000,63843,"ESA 1997, The Tycho Catalogues","1997ESASP1200.....P",,"Hp(51)Bt(69)Vt(69)"
0000,64740,"ESA 1997, The Tycho Catalogues","1997ESASP1200.....P",,"Hp(100)Bt(100)Vt(100)"
0026,64740,"Pedersen, H.; Thomsen, B.","1977A&AS...30...11P",,"u(48)v(48)b(48)y(48)"
0140,64740,"Krtička, J.; Janík, J.; Marková, H.; and co.","2013A&A...556A..18K",,"U(150)B(150)V(150)"
0000,65987,"ESA 1997, The Tycho Catalogues","1997ESASP1200.....P",,"Hp(21)Bt(138)Vt(137)"
0039,65987,"Heck, A.; Mathys, G.; Manfroid, J.","1987A&AS...70...33H","HD64507,65663","u(16)v(16)b(16)y(16)"
0000,66255,"ESA 1997, The Tycho Catalogues","1997ESASP1200.....P",,"Hp(116)Bt(152)Vt(152)"
0039,66255,"Heck, A.; Mathys, G.; Manfroid, J.","1987A&AS...70...33H","HD66192,66210","u(21)v(21)b(21)y(21)"
0000,64486,"ESA 1997, The Tycho Catalogues","1997ESASP1200.....P",,"Hp(186)Bt(100)Vt(100)"
0058,64486,"Winzer, John Ernest","1974PhDT........61W	HD67934","U(9)B(9)V(9)",
0000,66605,"ESA 1997, The Tycho Catalogues ","1997ESASP1200.....P",,"Hp(124)Bt(145)Vt(145)"
0038,66605,"Renson, P.; Manfroid, J.","1978A&AS...34..445R","HD65211","u(33)v(33)b(33)y(33)"
0039,66605,"Heck, A.; Mathys, G.; Manfroid, J.","1987A&AS...70...33H","HD67363","u(26)v(26)b(26)y(26)"
0090,66605,"Breger, M.","1979IBVS.1659....1B",,"u(17)v(17)b(17)y(17)[private communication]"
0000,68351,"ESA 1997, The Tycho Catalogues","1997ESASP1200.....P",,"Hp(89)Bt(103)Vt(103)"
0041,68351,"Stepien, K.","1968ApJ...154..945S",,"U(24)B(24)V(26)"
0058,68351,"Winzer, John Ernest","1974PhDT........61W","HD69897","U(8)B(8)V(8)"
0068,68351,"Burke, Edward W., Jr.; and co.","1970JRASC..64..353B","HD68254","B(11)V(11)"
0000,71866,"ESA 1997, The Tycho Catalogues ","1997ESASP1200.....P",,"Hp(92)Bt(135)Vt(135)"
0001,71866,"Catalano, F. A.; Leone, F.","1990A&AS...83..491C","HD71844,HD70273","U(37)B(38)V(38)"
0040,71866,"Jarzebowski, T.","1960AcA....10..191J","HD71844","j1(24)j2(32)"
0041,71866,"Stepien, K.","1968ApJ...154..945S",,"U(12)B(12)V(12)"
0000,72968,"ESA 1997, The Tycho Catalogues ","1997ESASP1200.....P",,"Hp(103)Bt(156)Vt(156)"
0001,72968,"Catalano, F. A.; Leone, F.","1990A&AS...83..491C","HD73451,HD73997","U(35)B(34)V(35)"
0006,72968,"Groote, D.; Kaufmann, J. P.","1983A&AS...53...91G",,"J(5)H(5)K(5)L(5)M(5)"
0039,72968,"Heck, A.; Mathys, G.; Manfroid, J.","1987A&AS...70...33H","HD70574,73997","u(21)v(21)b(21)y(21)"
0043,72968,"Wolff, S. C.; Wolff, R. J.","1971AJ.....76..422W","HD73431","u(30)v(30)b(30)y(30)"
0045.1,72968,"Adelman, Saul J.","1998A&AS..128..245A","HD73997","u(10)v(10)b(10)y(10)"
0045.2,72968,"Adelman, Saul J.","1998A&AS..128..245A","HD73997","u(112)v(112)b(112)y(112)"
0087,72968,"Adelman, S. J.; Kaewkornmaung, P.","2005A&A...435.1099A","HD73997","u(55)v(55)b(55)y(55)"
0088.1,72968,"Maitzen, H. M.; Albrecht, R.; Heck, A.","1978A&A....62..199M","HD73400","u(23)v(23)b(23)y(23)"
0088.2,72968,"Maitzen, H. M.; Albrecht, R.; Heck, A.","1978A&A....62..199M","HD73997","u(9)v(9)b(9)y(9),&#946;(9),g1(9),g2(9)"
0088.3,72968,"Maitzen, H. M.; Albrecht, R.; Heck, A.","1978A&A....62..199M","HD73997,HD70574","u(19)v(19)b(19)y(19)"
0000,73340,"ESA 1997, The Tycho Catalogues","1997ESASP1200.....P",,"Hp(124)Bt(150)Vt(150)"
0039,73340,"Heck, A.; Mathys, G.; Manfroid, J.","1987A&AS...70...33H","HD71043,HD73127","u(24)v(24)b(24)y(24)"
0089,73340,"Hensberge, H.; de Loore, C.; Zuiderwijk, E. J.","1976A&A....48..383H",,"u(16)v(16)b(16)y(16)"
0000,74196,"ESA 1997, The Tycho Catalogues","1997ESASP1200.....P",,"Hp(117)Bt(170)Vt(170)"
0006,74196,"Groote, D.; Kaufmann, J. P.","1983A&AS...53...91G",,"J(3)H(3)K(3)L(3)M(3)"
0100,74196,"Jakate, Sh. M.","1979IBVS.1536....1J","HD74535","b(18)"
0000,74521,"ESA 1997, The Tycho Catalogues ","1997ESASP1200.....P",,"Hp(95)Bt(124)Vt(124)"
0006,74521,"Groote, D.; Kaufmann, J. P.","1983A&AS...53...91G",,"J(5)H(5)K(5)L(5)M(5)"
0041,74521,"Stepien, K.","1968ApJ...154..945S",,"U(24)B(20)V(18)"
0045,74521,"Adelman, Saul J.","1998A&AS..128..245A","HD72359","u(100)v(100)b(100)y(100)"
0058,74521,"Winzer, John Ernest","1974PhDT........61W","HD74783","U(14)B(14)V(14)"
0111,74521,"Pojmanski, G.","2002AcA....52..397P",,"V(524)"
0142,74521,"Dukes, Robert J., Jr.; Adelman, Saul J.","2018PASP..130d4202D","HD72359","u(332)v(332)b(332)y(332)"
0000,76756,"ESA 1997, The Tycho Catalogues","1997ESASP1200.....P",,"Hp(87)Bt(120)Vt(120)"
0021.1,76756,"Adelman, Saul J.; Brunhouse, Eric F.","1998PASP..110.1304A","HD76543","u(40)v(40)b(40)y(40)"
0021.2,76756,"Adelman, Saul J.; Brunhouse, Eric F.","1998PASP..110.1304A","HD74873","u(20)v(20)b(20)y(20)"
0000,77350,"ESA 1997, The Tycho Catalogues","1997ESASP1200.....P",,"Hp(51)Bt(100)Vt(100)"
0058,77350,"Winzer, John Ernest","1974PhDT........61W	HD77190",,"U(9)B(9)V(9)"
0068,77350,"Burke, Edward W., Jr.; and co.","1970JRASC..64..353B","HD76333","B(5)V(10)"
0000,78316,"ESA 1997, The Tycho Catalogues","1997ESASP1200.....P",,"Hp(122)Bt(100)Vt(100)"
0006,78316,"Groote, D.; Kaufmann, J. P.","1983A&AS...53...91G",,"J(4)H(4)K(4)L(4)M(4)"
0058,78316,"Winzer, John Ernest","1974PhDT........61W","HD78661","U(6)B(6)V(6)"
0000,79158,"ESA 1997, The Tycho Catalogues","1997ESASP1200.....P",,"Hp(118)Bt(154)Vt(154)"
0032,79158,"Adelman, Saul J.","2000A&A...357..548A","HD79763","u(61)v(61)b(61)y(61)"
0000,81009,"ESA 1997, The Tycho Catalogues ","1997ESASP1200.....P",,"Hp(91)Bt(131)Vt(131)"
0002,81009,"Wolff, S. C.","1975ApJ...202..127W","HD80447","u(21)v(21)b(21)y(21)"
0006,81009,"Groote, D.; Kaufmann, J. P.","1983A&AS...53...91G",,"J(4)H(4)K(4)L(4)M(3)"
0027,81009,"Hensberge, H.; Deridder, G.; Doom, C.; et al.","1981A&AS...46..151H","HD80447","u(12)v(14)b(6)y(8)deltaa(9)"
0037,81009,"Adelman, Saul J.","1997PASP..109....9A","HD80447","u(254)v(254)b(254)y(254)"
0046,81009,"Waelkens, C.","1985A&AS...61..127W",,"U-B1(67)B1-B2(67)B2-V1(67)V1-G(67)B(67)V(67)"
0110,81009,"Adelman, Saul J.","2006PASP..118...77A","HD80447","u(135)v(135)b(135)y(135)"
0000,83368,"ESA 1997, The Tycho Catalogues ","1997ESASP1200.....P",,"Hp(116)Bt(179)Vt(179)"
0038,83368,"Renson, P.; Manfroid, J.","1978A&AS...34..445R","HD82578,HD84552","u(33)v(33)b(33)y(33)"
0039,83368,"Heck, A.; Mathys, G.; Manfroid, J.","1987A&AS...70...33H","HD82578","u(23)v(23)b(23)y(23)"
0048,83368,"Catalano, F. A.; Leone, F.","1994A&AS..108..595C","HD82578","u(13)v(13)b(13)y(13)"
0090,83368,"Breger, M.","1979IBVS.1659....1B",,"u(16)v(16)b(16)y(16)[private communication]"
0000,83625,"ESA 1997, The Tycho Catalogues","1997ESASP1200.....P",,"Hp(116)Bt(173)Vt(173)"
0039,83625,"Heck, A.; Mathys, G.; Manfroid, J.","1987A&AS...70...33H","HD82856,84461","u(21)v(21)b(21)y(21)"
0000,86592,"ESA 1997, The Tycho Catalogues ","1997ESASP1200.....P",,"Hp(124)Bt(187)Vt(187)"
0032,86592,"Adelman, Saul J.","2000A&A...357..548A","HD88182","u(122)v(122)b(122)y(122)"
0049,86592,"Babel, J.; North, P.","1997A&A...325..195B",,"U(24)B(24)V(24)B1(24)B2(24)V1(24)G(24)"
0120,86592,"Adelman, Saul J.","2008PASP..120..367A","HD88182","u(69),v(69),b(69),y(69)"
0000,89822,"ESA 1997, The Tycho Catalogues","1997ESASP1200.....P",,"Hp(184)Bt(100)Vt(100)"
0058,89822,"Winzer, John Ernest","1974PhDT........61W	HD93427",,"U(9)B(9)V(9)"
0118,89822,"Adelman, Saul J.","1993A&A...269..411A","HD88983","u(24)v(24)b(24)y(24)"
0000,90044,"ESA 1997, The Tycho Catalogues","1997ESASP1200.....P",,"Hp(83)Bt(101)Vt(101)"
0030,90044,"Adelman, S. J.","1997A&AS..122..249A","HD90882","u(109)v(109)b(109)y(109)"
0050,90044,"Manfroid, J.; Sterken, C.; Bruch, A.; et al.","1991A&AS...87..481M",,"u(100)v(100)b(100)y(100)"
0051,90044,"Sterken, C.; Manfroid, J.; Anton, K.; et al.","1993A&AS..102...79S",,"u(31)v(31)b(31)y(31)"
0121,90044,"Adelman, Saul J.","2008PASP..120..595A","HD90882","u(99)v(99)b(99)y(99)"
0000,90569,"ESA 1997, The Tycho Catalogues ","1997ESASP1200.....P",,"Hp(73)Bt(100)Vt(100)"
0006,90569,"Groote, D.; Kaufmann, J. P.","1983A&AS...53...91G",,"J(4)H(4)K(4)L(4)M(3)"
0052,90569,"Adelman, S. J.; Rayle, K. E.; Pi, C.-L. M.","1999A&AS..136..379A","HD89774","u(109)v(109)b(109)y(109)"
0058,90569,"Winzer, John Ernest","1974PhDT........61W","HD89774","U(13)B(13)V(13)"
0068,90569,"Burke, Edward W., Jr.; and co.","1970JRASC..64..353B","HD90123","B(5)V(8)"
0110,90569,"Adelman, Saul J.","2006PASP..118...77A","HD89774","u(94)v(94)b(94)y(94)"
0111,90569,"Pojmanski, G.","2002AcA....52..397P",,"V(337)"
0000,92664,"ESA 1997, The Tycho Catalogues","1997ESASP1200.....P",,"Hp(131)Bt(192)Vt(192)"
0004,92664,"Vogt, N.; Faundez, A. M.","1979A&AS...36..477V",,"u(6)v(6)b(6)y(6)"
0006,92664,"Groote, D.; Kaufmann, J. P.","1983A&AS...53...91G",,"J(4)H(4)K(4)L(4)M(4)"
0039,92664,"Heck, A.; Mathys, G.; Manfroid, J.","1987A&AS...70...33H","HD88981,90874","u(13)v(13)b(13)y(13)"
0000,93226,"ESA 1997, The Tycho Catalogues","1997ESASP1200.....P",,"Hp(94)Bt(119)Vt(119)"
0112,93226,"Adelman, Saul J.","2007PASP..119..980A","HD92245","u(104)v(104)b(104)y(104)"
0000,94660,"ESA 1997, The Tycho Catalogues","1997ESASP1200.....P",,"Hp(240)Bt(286)Vt(286)"
0006,94660,"Groote, D.; Kaufmann, J. P.","1983A&AS...53...91G",,"J(5)H(5)K(5)L(4)M(4)"
0092,94660,"Manfroid, J.; Sterken, C.; Bruch, A.; et al.","1995yCat.2170....0M",,"u(112)v(112)b(112)y(112)"
0093,94660,"Sterken, C.; Manfroid, J.; Anton, K.; et al.","1995yCat.2188....0S",,"u(87)v(87)b(87)y(87)"
0097,94660,"Manfroid, J.; Sterken, C.; et al.","1995yCat.2200....0M",,"u(27)v(27)b(27)y(27)"
0000,96616,"ESA 1997, The Tycho Catalogues ","1997ESASP1200.....P",,"Hp(260)Bt(346)Vt(346)"
0038,96616,"Renson, P.; Manfroid, J.","1978A&AS...34..445R","HD98176,HD95370","u(13)v(13)b(13)y(13)"
0053,96616,"Manfroid, J.; Renson, P.","1983A&AS...51..267M",,"u(90)v(90)b(90)y(90)[private communication]"
0000,96707,"ESA 1997, The Tycho Catalogues","1997ESASP1200.....P",,"Hp(136)Bt(178)Vt(178)"
0052,96707,"Adelman, S. J.; Rayle, K. E.; Pi, C.-L. M.","1999A&AS..136..379A","HD97138","u(102)v(102)b(102)y(102)"
0058,96707,"Winzer, John Ernest","1974PhDT........61W","HD93427","U(11)B(11)V(11)"
0120,96707,"Adelman, Saul J.","2008PASP..120..367A","HD97138","u(92),v(92),b(92),y(92)"
0000,98088,"ESA 1997, The Tycho Catalogues","1997ESASP1200.....P",,"Hp(98)Bt(121)Vt()"
0006,98088,"Groote, D.; Kaufmann, J. P.","1983A&AS...53...91G",,"J(5)H(5)K(5)L(4)M(4)"
0048,98088,"Catalano, F. A.; Leone, F.","1994A&AS..108..595C","HD96620","u(10)v(10)b(10)y(10)"
0054.1,98088,"Maitzen, H. M.","1973A&AS...11..327M","HD97037","U(50)B(56)V(52)u(9)v(7)b(7)y(7)"
0054.2,98088,"Maitzen, H. M.","1973A&AS...11..327M","HD98853","u(6)v(6)b(5)y(6)&#946;(6)&#947;(6)g1(6)g2(6)"
0000,9996,"ESA 1997, The Tycho Catalogues","1997ESASP1200.....P",,"Hp(98)Bt(117)Vt(117)"
0058,9996,"Winzer, John Ernest","1974PhDT........61W","HD11031","U(16)B(16)V(16)"
0136,9996,"Rakosch, K. D.; Fiedler, W.","1978A&AS...31...83R","HD10072","U(20)B(13)V(10)"
0000,101391,"ESA 1997, The Tycho Catalogues","1997ESASP1200.....P",,"Hp(184)Bt(100)Vt(100)"
0058,101391,"Winzer, John Ernest","1974PhDT........61W","HD99859","U(9)B(9)V(9)"
0000,103192,"ESA 1997, The Tycho Catalogues ","1997ESASP1200.....P",,"Hp(90)Bt(100)Vt(100)"
0092,103192,"Manfroid, J.; Sterken, C.; Bruch, A.; et al.","1995yCat.2170....0M",,"u(94)v(94)b(94)y(94)"
0093,103192,"Sterken, C.; Manfroid, J.; Anton, K.; et al.","1995yCat.2188....0S",,"u(17)v(17)b(17)y(17)"
0056,110956,"Olsen, E. H.","1977IBVS.1367....1O",,"u(16)v(16)b(16)y(16)"
0000,111133,"ESA 1997, The Tycho Catalogues","1997ESASP1200.....P",,"Hp(70)Bt(104)Vt(104)"
0006,111133,"Groote, D.; Kaufmann, J. P.","1983A&AS...53...91G",,"J(4)H(4)K(4)L(4)M(4)"
0022,111133,"North, P.; Adelman, S. J.","1995A&AS..111...41N","HD109860","u(81)v(81)b(81)y(81)"
0022,111133,"North, P.; Adelman, S. J.","1995A&AS..111...41N",,"U(174)B(286)V(286)B1(34)B2(34)V1(34)G(34)"
0095,111133,"Wolff, Sidney C.; Wolff, Richard J.","1972ApJ...176..433W","HD109860","u(31)v(31)b(31)y(31)"
0096,111133,"Buchholz, M.; Maitzen, H. M.","1979A&A....73..222B",,"b-y(9)da(9)m1(9)"
0113,111133,"Adelman, Saul J.; Sutton, Jason M.","2007PASP..119..733A","HD109860","u(112)v(112)b(112)y(112)"
0000,112185,"ESA 1997, The Tycho Catalogues","1997ESASP1200.....P",,"Hp(123)Bt(157)Vt(157)"
0024,112185,"Musielok, B.; Lange, D.; Schoenich, W.; and co.","1980AN....301...71M","HD106591","U(18)P(18)X(19)Y(18)Z(18)V(17)HR(18)S(19)MR(17)DR(17)"
0061,119213,"Pyper, D. M.; Adelman, S. J.","1985A&AS...59..369P",,"u(20)v(20)b(20)y(20)beta(20)"
0124,112185,"Srivastava, R. K.","1989Ap&SS.154..333S","HD103287","U(16)B(16)V(16)"
0125,112185,"Provin, Sanford S.","1953ApJ...118..489P","HD106591","B(18)V(18)"
0000,114365,"ESA 1997, The Tycho Catalogues ","1997ESASP1200.....P",,"Hp(110)Bt(151)Vt(151)"
0053,114365,"Manfroid, J.; Renson, P.","1983A&AS...51..267M",,"u(87)v(87)b(87)y(87)[private communication]"
0000,115708,"ESA 1997, The Tycho Catalogues ","1997ESASP1200.....P",,"Hp(162)Bt(207)Vt(206)"
0002,115708,"Wolff, S. C.","1975ApJ...202..127W","HD114520","u(23)v(23)b(23)y(23)"
0017,115708,"Adelman, Saul J.","1999A&AS..134...53A","HD116233","u(114)v(114)b(114)y(114)"
0000,116458,"ESA 1997, The Tycho Catalogues","1997ESASP1200.....P",,"Hp(146)Bt(88)Vt(88)"
0092,116458,"Manfroid, J.; Sterken, C.; Bruch, A.; et al.","1995yCat.2170....0M",,"u(45)v(45)b(45)y(45)"
0093,116458,"Sterken, C.; Manfroid, J.; Anton, K.; et al.","1995yCat.2188....0S",,"u(33)v(33)b(33)y(33)"
0097,116458,"Manfroid, J.; Sterken, C.; et al.","1995yCat.2200....0M",,"u(11)v(11)b(11)y(11)"
0000,119213,"ESA 1997, The Tycho Catalogues ","1997ESASP1200.....P",,"Hp(114)Bt(145)Vt(145)"
0024,119213,"Musielok, B.; Lange, D.; Schoenich, W.; et al.","1980AN....301...71M","HD120874","U(28)P(28)X(29)Y(29)Z(28)V(28)HR(27)S(29)MR(27)DR(29)[P,Y,V,HR,S]"
0055,119213,"Wolff, S. C.; Morrison, N. D.","1975PASP...87..231W","HD120874 ","u(25)v(25)b(25)y(25)"
0057,119213,"Mikulasek, Z.; Harmanec, P.; et al.","1978BAICz..29...44M",,"U(9)B(9)V(9)"
0058,119213,"Winzer, John Ernest","1974PhDT........61W","HD118214","U(18)B(18)V(18)"
0059,119213,"Pavlovski, K.","1979A&A....76..362P",,"U(19)B(19)V(19)"
0060,119213,"Jetsu, L.; Kokko, M.; Tuominen, I.","1992A&A...265..547J",,"U(139)B(143)V(136)"
0061,119213,"Pyper, D. M.; Adelman, S. J.","1985A&AS...59..369P",,"u(25)v(25)b(25)y(25)&#946;(24)"
0083,119213,"Burke, E. W., Jr.; Howard, J. T.","1972ApJ...178..491B","HD119992","U(24)B(28)V(28)"
0084,119213,"Mikulasek, Z.; Ziznovsky, J.","2001IBVS.5188....1M","HD120874","v(54)R(54)"
0000,120198,"ESA 1997, The Tycho Catalogues ","1997ESASP1200.....P",,"Hp(125)Bt(155)Vt(155)"
0058,120198,"Winzer, John Ernest","1974PhDT........61W","HD121409","U(16)B(16)V(16)"
0062,120198,"Wade, G. A.; Hill, G. M.; et al.","1998A&A...335..973W","HD121409","u(73)v(73)b(73)y(73)"
0107,120198,"Burke, E. W., Jr.; Barr, T. H.","1981PASP...93..344","HD119024","U(34)B(17)V(17)"
0142,120198,"Dukes, Robert J., Jr.; Adelman, Saul J.","2018PASP..130d4202D","HD121409","u(453)v(453)b(453)y(453)"
0000,124224,"ESA 1997, The Tycho Catalogues","1997ESASP1200.....P",,"Hp(79)Bt(107)Vt(107)"
0006,124224,"Groote, D.; Kaufmann, J. P.","1983A&AS...53...91G",,"J(5)H(5)K(5)L(5)M(4)"
0058,124224,"Winzer, John Ernest","1974PhDT........61W","HD122408","U(11)B(11)V(11)"
0061,124224,"Pyper, D. M.; Adelman, S. J.","1985A&AS...59..369P",,"u(23)v(22)b(23)y(23)&#946;(23)"
0131,124224,"Pyper, D. M.; Ryabchikova, T.; and co.","1998A&A...339..822P","HD","u(839)v(839)b(839)y(839)-DATA IN 0139"
0132,124224,"Hardie, Robert","1958ApJ...127..620H",,"U(54),B(54),V(54)"
0137.1,124224,"Mikulášek, Z.; Krtička, J; and co.","2011A&A...534L...5M",,"U(134)B(134)V(134)"
0137.2,124224,"Mikulášek, Z.; Krtička, J; and co.","2011A&A...534L...5M","HD,HD","v(141)b(110)"
0137.3,124224,"Mikulášek, Z.; Krtička, J; and co.","2011A&A...534L...5M","HD","V(38)"
0137.4,124224,"Mikulášek, Z.; Krtička, J; and co.","2011A&A...534L...5M","HD","B(194V(180)"
0139,124224,"Pyper, D.M.; Stevens, I.R.; Adelman, S.J.","2013MNRAS.431.2106P","HD122408","u(2820)v(2820)b(2820)y(2820)"
0000,124915,"ESA 1997, The Tycho Catalogues","1997ESASP1200.....P",,"Hp(70)Bt(102)Vt(102)"
0070,124915,"Adelman, Saul J.","2001A&A...368..225A","HD124850","u(89)v(89)b(89)y(89)"
0000,125248,"ESA 1997, The Tycho Catalogues ","1997ESASP1200.....P",,"Hp(81)Bt(113)Vt(113)"
0006,125248,"Groote, D.; Kaufmann, J. P.","1983A&AS...53...91G",,"J(4)H(4)K(4)L(4)M(3)"
0043,125248,"Wolff, S. C.; Wolff, R. J.","1971AJ.....76..422W","HD124683,HD127964","u(13)v(13)b(13)y(13)[private communication]"
0061,125248,"Pyper, D. M.; Adelman, S. J.","1985A&AS...59..369P",,"u(12)v(12)b(12)y(12)&#946;(12)"
0063,125248,"Stibbs, D. W. N.","1950MNRAS.110..395S","HD124683","4000(26)"
0064,125248,"Maitzen, H. M.; Rakosch, K. D.","1970A&A.....7...10M","HD124683","U(28)B(28)V(28)"
0066,125248,"Maitzen, H. M.; Moffat, A. F. J.","1972A&A....16..385M","HD124683","U(49)B(50)V(55)"
0066,125248,"Maitzen, H. M.; Moffat, A. F. J.","1972A&A....16..385M","HD124683","u(24)v(18)b(31)y(30)&#946;(15)&#945;(7)"
0066,125248,"Maitzen, H. M.; Moffat, A. F. J.","1972A&A....16..385M","HD124683","g1(15)g2(15)"
0067,125248,"Catalano, F. A.; Kroll, R.; Leone, F.","1992A&A...263..203C","HD124683","u(9)v(9)b(9)y(9)"
0067,125248,"Catalano, F. A.; Kroll, R.; Leone, F.","1992A&A...263..203C","HD124683","J(14)H(14)K(14)"
0000,125630,"ESA 1997, The Tycho Catalogues ","1997ESASP1200.....P",,"Hp(206)Bt(274)Vt(274)"
0004,125630,"Vogt, N.; Faundez, A. M.","1979A&AS...36..477V",,"u(6)v(6)b(6)y(6)"
0053,125630,"Manfroid, J.; Renson, P.","1983A&AS...51..267M",,"u(98)v(98)b(98)y(98)[private communication]"
0000,125823,"ESA 1997, The Tycho Catalogues","1997ESASP1200.....P",,"Hp(101)Bt(122)Vt(122)"
0006,125823,"Groote, D.; Kaufmann, J. P.","1983A&AS...53...91G",,"J(10)H(10)K(10)L(10)M(9)"
0026,125823,"Pedersen, H.; Thomsen, B.","1977A&AS...30...11P",,"u(22)v(22)b(22)y(22)"
0000,126515,"ESA 1997, The Tycho Catalogues ","1997ESASP1200.....P",,"Hp(72)Bt(95)Vt(95)"
0001,126515,"Catalano, F. A.; Leone, F.","1990A&AS...83..491C","HD127167,HD125489","U(24)B(24)V(24)"
0004,126515,"Vogt, N.; Faundez, A. M.","1979A&AS...36..477V",,"u(3)v(3)b(3)y(3)"
0022,126515,"North, P.; Adelman, S. J.","1995A&AS..111...41N","HD127167,HD125489","u(124)v(124)b(124)y(124)"
0022,126515,"North, P.; Adelman, S. J.","1995A&AS..111...41N",,"U(35)B(35)V(35)B1(35)B2(35)V1(35)G(35)"
0113,126515,"Adelman, Saul J.; Sutton, Jason M.","2007PASP..119..733A","HD127167","u(183)v(183)b(183)y(183)"
0000,133029,"ESA 1997, The Tycho Catalogues ","1997ESASP1200.....P",,"Hp(147)Bt(186)Vt(186)"
0045,133029,"Adelman, Saul J.","1998A&AS..128..245A","HD133962","u(157)v(157)b(157)y(157)"
0058,133029,"Winzer, John Ernest","1974PhDT........61W","HD133962","U(19)B(19)V(19)"
0108,133029,"Hill, G.; Hilditch, R.W.; Pfannenschmidt, F.L.","1976PDAO...15....1H","HD136729","D(32)B(32)V(32)"
0121,133029,"Adelman, Saul J.","2008PASP..120..595A","HD133962","u(134)v(134)b(134)y(134)"
0000,134214,"ESA 1997, The Tycho Catalogues","1997ESASP1200.....P",,"Hp(78)Bt(99)Vt(99)"
0020,134214,"Adelman, Saul J.","2000A&AS..146...13A","HD132230","u(105)v(105)b(105)y(105)"
0000,137909,"ESA 1997, The Tycho Catalogues ","1997ESASP1200.....P",,"Hp(195)Bt(277)Vt(277)"
0061,137909,"Pyper, D. M.; Adelman, S. J.","1985A&AS...59..369P",,"u(14)v(14)b(14)y(14)&#946;(13)"
0068,137909,"Burke, Edward W., Jr.; et al.","1970JRASC..64..353B","HD136512","B(8)V(8)"
0069,137909,"Brodskaya, Ă„â€šĂ˘â‚¬ĹľÄ‚ËĂ˘â€šÂ¬ÄąË‡Ă„â€šĂ‹ÂÄ‚ËĂ˘â‚¬ĹˇĂ‚Â¬Ä‚â€šĂ‚Â°. S.","1970SvA....14..529B","HD140436","U(30)B(30)V(30)"
0000,140728,"ESA 1997, The Tycho Catalogues","1997ESASP1200.....P",,"Hp(123)Bt(140)Vt(140)"
0108,140728,"Hill, G.; Hilditch, R.W.; Pfannenschmidt, F.L.","1976PDAO...15....1H","HD136729","D(46)B(46)V(46)"
0115,140728,"Adelman, Saul J.; Woodrow, Stephanie L.","2007PASP..119.1256A","HD139493","u(141)v(141)b(141)y(141)"
0000,142070,"ESA 1997, The Tycho Catalogues ","1997ESASP1200.....P",,"Hp(74)Bt(94)Vt(94)"
0070,142070,"Adelman, Saul J.","2001A&A...368..225A","HD141851","u(92)v(92)b(92)y(92)"
0000,142990,"ESA 1997, The Tycho Catalogues","1997ESASP1200.....P",,"Hp(111)Bt(147)Vt(147)"
0006,142990,"Groote, D.; Kaufmann, J. P.","1983A&AS...53...91G",,"J(5)H(5)K(5)L(5)M(5)"
0026,142990,"Pedersen, H.; Thomsen, B.","1977A&AS...30...11P",,"u(12)v(12)b(12)y(12)"
0097,142990,"Manfroid, J.; Sterken, C.; et al.","1995yCat.2200....0M",,"u(18)v(18)b(18)y(18)"
0000,144667,"ESA 1997, The Tycho Catalogues","1997ESASP1200.....P",,"Hp(129)Bt(165)Vt(165)"
0092,144667,"Manfroid, J.; Sterken, C.; Bruch, A.; et al.","1995yCat.2170....0M",,"u(120)v(120)b(120)y(120)"
0093,144667,"Sterken, C.; Manfroid, J.; Anton, K.; et al.","1995yCat.2188....0S",,"u(97)v(97)b(97)y(97)"
0097,144667,"Manfroid, J.; Sterken, C.; et al.","1995yCat.2200....0M",,"u(23)v(23)b(23)y(23)"
0000,152308,"ESA 1997, The Tycho Catalogues ","1997ESASP1200.....P",,"Hp(102)Bt(171)Vt(171)"
0052,152308,"Adelman, S. J.; Rayle, K. E.; Pi, C.-L. M.","1999A&AS..136..379A","HD151862","u(76)v(76)b(76)y(76)"
0058,152308,"Winzer, John Ernest","1974PhDT........61W","HD151862","U(16)B(16)V(16)"
0121,152308,"Adelman, Saul J.","2008PASP..120..595A","HD151862","u(147)v(147)b(147)y(147)"
0000,159376,"ESA 1997, The Tycho Catalogues ","1997ESASP1200.....P",,"Hp(104)Bt(136)Vt(136)"
0092,159376,"Manfroid, J.; Sterken, C.; Bruch, A.; et al.","1995yCat.2170....0M",,"u(64)v(64)b(64)y(64)"
0093,159376,"Sterken, C.; Manfroid, J.; Anton, K.; et al.","1995yCat.2188....0S",,"u(14)v(14)b(14)y(14)"
0000,164258,"ESA 1997, The Tycho Catalogues","1997ESASP1200.....P",,"Hp(66)Bt(85)Vt(85)"
0115,164258,"Adelman, Saul J.; Woodrow, Stephanie L.","2007PASP..119.1256A","HD163624","u(84)v(84)b(84)y(84)"
0000,164429,"ESA 1997, The Tycho Catalogues ","1997ESASP1200.....P",,"Hp(129)Bt(151)Vt(151)"
0052,164429,"Adelman, S. J.; Rayle, K. E.; Pi, C.-L. M.","1999A&AS..136..379A","HD162132","u(77)v(77)b(77)y(77)"
0058,164429,"Winzer, John Ernest","1974PhDT........61W","HD165358","U(16)B(16)V(16)"
0107,164429,"Burke, E. W., Jr.; Barr, T. H.","1981PASP...93..344","HD162132","U(28)B(13)V(13)"
0000,168733,"ESA 1997, The Tycho Catalogues ","1997ESASP1200.....P",,"Hp(79)Bt(106)Vt(106)"
0092,168733,"Manfroid, J.; Sterken, C.; Bruch, A.; et al.","1995yCat.2170....0M",,"u(54)v(54)b(54)y(54)"
0093,168733,"Sterken, C.; Manfroid, J.; Anton, K.; et al.","1995yCat.2188....0S",,"u(13)v(13)b(13)y(13)"
0000,170973,"ESA 1997, The Tycho Catalogues ","1997ESASP1200.....P",,"Hp(146)Bt(210)Vt(210)"
0033,170973,"Adelman, S. J.","1997A&AS..125...65A","HD169578","u(377)v(377)b(377)y(377)"
0058,170973,"Winzer, John Ernest","1974PhDT........61W","HD171802","U(13)B(13)V(13)"
0107,170973,"Burke, E. W., Jr.; Barr, T. H.","1981PASP...93..344","HD170200","U(31)B(17)V(18)"
0120,170973,"Adelman, Saul J.","2008PASP..120..367A","HD169578","u(156),v(156),b(156),y(156)"
0000,171247,"ESA 1997, The Tycho Catalogues ","1997ESASP1200.....P",,"Hp(111)Bt(117)Vt(117)"
0070,171247,"Adelman, Saul J.","2001A&A...368..225A","HD171975","u(76)v(76)b(76)y(76)"
0000,171263,"ESA 1997, The Tycho Catalogues ESA, SP-1200",,,"Hp(131)"
0142,171263,"Dukes, Robert J., Jr.; Adelman, Saul J.","2018PASP..130d4202D","HD173495","u(228)v(228)b(228)y(228)"
0000,171782,"ESA 1997, The Tycho Catalogues ","1997ESASP1200.....P",,"Hp(116)Bt(143)Vt(143)"
0031,171782,"Adelman, Saul J.; Meadows, S. A.","2002A&A...390.1023A","HD170200","u(64)v(64)b(35)y(64)"
0000,177410,"ESA 1997, The Tycho Catalogues ","1997ESASP1200.....P",,"Hp(109)Bt(150)Vt(150)"
0030,177410,"Adelman, S. J.","1997A&AS..122..249A","HD179933","u(154)v(154)b(154)y(154)"
0058,177410,"Winzer, John Ernest","1974PhDT........61W","HD179933","U(16)B(16)V(16)"
0000,179527,"ESA 1997, The Tycho Catalogues","1997ESASP1200.....P",,"Hp(134)Bt(178)Vt(178)"
0058,179527,"Winzer, John Ernest","1974PhDT........61W","HD180613","U(9)B(9)V(9)"
0102,179527,"Adelman, S. J.; Rice, R. H.","1999A&AS..136..111A","HD181119","u(124)v(124)b(124)y(124)"
0107,179527,"Burke, E. W., Jr.; Barr, T. H.","1981PASP...93..344","HD180613","U(27)B(26)V(29)"
0000,182180,"ESA 1997, The Tycho Catalogues","1997ESASP1200.....P",,"Hp(128)Bt(155)Vt(155)"
0111,182180,"Pojmanski, G.","2002AcA....52..397P",,"V(806)"
0129.1,182180,"Mikulášek, Z.; Krtička, J. et al.","2010A&A...511L...7M","HD179520","B(17)V(17)"
0129.2,182180,"Mikulášek, Z.; Krtička, J. et al.","2010A&A...511L...7M","HD179520","B(43)V(38)"
0000,184905,"ESA 1997, The Tycho Catalogues ","1997ESASP1200.....P",,"Hp(124)Bt(175)Vt(175)"
0024,184905,"Musielok, B.; Lange, D.; Schoenich, W.; et al.","1980AN....301...71M","HD184787","U(38)P(38)X(38)Y(39)Z(39)V(38)HR(39)S(38)MR(39)DR(38)[P,Y,V,HR,S]"
0068,184905,"Burke, Edward W., Jr.; et al.","1970JRASC..64..353B","HD184875","U(10)B(20)V(11)"
0074,184905,"Burke, E. W., Jr.; Thompson, S. K.","1987PASP...99..852B","HD184787","U(16)B(16)V(32)"
0075,184905,"Morrison, Nancy D.; Wolff, Sidney C.","1971PASP...83..474M","HD186307 ","u(33)v(33)b(33)y(33)"
0076,184905,"Adelman, S. J.; Brown, B. H.; et al.","1994A&AS..106..333A","HD184875","u(107)v(107)b(107)y(107)"
0113,184905,"Adelman, Saul J.; Sutton, Jason M.","2007PASP..119..733A","HD184875","u(194)v(194)b(194)y(194)"
0000,185183,"ESA 1997, The Tycho Catalogues","1997ESASP1200.....P",,"Hp(78)Bt(66)Vt(66)"
0117,185183,"Hensberge, H.; de Loore, C.; Zuiderwijk, E. J.","1977A&A....54..443H","HD190285","u(21)v(21)b(21)y(21)"
0000,187473,"ESA 1997, The Tycho Catalogues","1997ESASP1200.....P",,"Hp(80)Bt(122)Vt(122)"
0117,187473,"Hensberge, H.; de Loore, C.; Zuiderwijk, E. J.","1977A&A....54..443H","HD187578","u(21)v(21)b(21)y(21)"
0119,187473,"Hensberge, H.; Sterken, C.; van der Linden, T.","1978A&AS...34...67H","HD187578","u(19)v(19)b(19)y(19)"
0000,187474,"ESA 1997, The Tycho Catalogues","1997ESASP1200.....P",,"Hp(123)Bt(194)Vt(194)"
0092,187474,"Manfroid, J.; Sterken, C.; Bruch, A.; et al.","1995yCat.2170....0M",,"u(103)v(103)b(103)y(103)"
0093,187474,"Sterken, C.; Manfroid, J.; Anton, K.; et al.","1995yCat.2188....0S",,"u(153)v(153)b(153)y(153)"
0097,187474,"Manfroid, J.; Sterken, C.; et al.","1995yCat.2200....0M",,"u(49)v(49)b(49)y(49)"
0000,188041,"ESA 1997, The Tycho Catalogues ","1997ESASP1200.....P",,"Hp(49)Bt(70)Vt(70)"
0013,188041,"Sterken, C.; Manfroid, J.; Beele, D.; et al.","1995A&AS..113...31S",,"u(50)v(50)b(50)y(50)"
0014,188041,"Manfroid, J.; Sterken, C.; Cunow, B.; et al.","1995A&AS..109..329M",,"u(51)v(51)b(51)y(51)"
0024,188041,"Musielok, B.; Lange, D.; Schoenich, W.; et al.","1980AN....301...71M","HD189359","U(40)P(40)X(40)Y(40)Z(40)V(39)HR(40)S(39)MR(40)DR(37)[P,Y,V,HR,S]"
0050,188041,"Manfroid, J.; Sterken, C.; Bruch, A.; et al.","1991A&AS...87..481M",,"u(91)v(91)b(91)y(91)"
0051,188041,"Sterken, C.; Manfroid, J.; Anton, K.; et al.","1993A&AS..102...79S",,"u(120)v(120)b(120)y(120)"
0077,188041,"van Genderen, A. M.","1971A&A....14...48V","HD189359","V(11)B(11)L(11)U(11)"
0078,188041,"Jones, Terry J.; Wolff, Sidney C.","1973PASP...85..760J",,"u(30)v(30)b(30)y(30)"
0111,188041,"Pojmanski, G.","2002AcA....52..397P",,"V(787)"
0112,188041,"Adelman, Saul J.","2007PASP..119..980A","HD189359","u(201)v(201)b(201)y(201)"
0000,189832,"ESA 1997, The Tycho Catalogues","1997ESASP1200.....P",,"Hp(70)Bt(91)Vt(91)"
0092,189832,"Manfroid, J.; Sterken, C.; Bruch, A.; et al.","1995yCat.2170....0M",,"u(81)v(81)b(81)y(81)"
0093,189832,"Sterken, C.; Manfroid, J.; Anton, K.; et al.","1995yCat.2188....0S",,"u(37)v(37)b(37)y(37)"
0000,192913,"ESA 1997, The Tycho Catalogues ","1997ESASP1200.....P",,"Hp(261)Bt(385)Vt(385)"
0003,192913,"Winzer, J. E.","1974AJ.....79..124W","HD191747","U(12)V(12)B(12)"
0016,192913,"Adelman, S. J.; Knox, J. R., Jr.","1994A&AS..103....1A","HD191747","u(87)v(87)b(87)y(87)"
0024.1,192913,"Musielok, B.; Lange, D.; Schoenich, W.; et al.","1980AN....301...71M","HD192518","U(12)P(12)X(11)Y(12)Z(11)V(12)HR(11)S(11)MR(12)DR(10)[P,Y,V,HR,S]"
0024.2,192913,"Musielok, B.; Lange, D.; Schoenich, W.; et al.","1980AN....301...71M","HD191747","U(12)P(12)X(12)Y(12)Z(11)V(12)HR(11)S(12)MR(12)DR(12)[P,Y,V,HR,S]"
0086,192913,"Adelman, S. J.; Young, K. J.","2005A&A...429..317A","HD191747","u(54)v(54)b(54)y(54)"
0000,192678,"ESA 1997, The Tycho Catalogues","1997ESASP1200.....P",,"Hp(136)Bt(162)Vt(162)"
0041,192678,"Stepien, K.","1968ApJ...154..945S",,"U(26)B(26)V(26)"
0102,192678,"Adelman, S. J.; Rice, R. H.","1999A&AS..136..111A","HD194668","u(72)v(72)b(72)y(72)"
0109,192678,"Panov, K.","1978IBVS.1392....1P","HD192200","B(12)"
0110,192678,"Adelman, Saul J.","2006PASP..118...77A","HD194668","u(67)v(67)b(67)y(67)"
0000,193722,"ESA 1997, The Tycho Catalogues","1997ESASP1200.....P",,"Hp(128)Bt(160)Vt(160)"
0058,193722,"Winzer, John Ernest","1974PhDT........61W","HD192514","U(14)B(14)V(14)"
0079,193722,"Adelman, S. J.; Pi, C.-L. M.; Rayle, K. E.","1998A&AS..133..197A","HD192514","u(205)v(205)b(205)y(205)"
0120,193722,"Adelman, Saul J.","2008PASP..120..367A","HD192514","u(182),v(182),b(182),y(182)"
0000,196178,"ESA 1997, The Tycho Catalogues","1997ESASP1200.....P",,"Hp(112)Bt(148)Vt(148)"
0058,196178,"Winzer, John Ernest","1974PhDT........61W","HD194684","U(7)B(7)V(7)"
0000,197018,"ESA 1997, The Tycho Catalogues","1997ESASP1200.....P",,"Hp(149)Bt(209)Vt(210)"
0031,197018,"Adelman, Saul J.; Meadows, S. A.","2002A&A...390.1023A","HD197392","u(101)v(101)b(101)y(101)"
0000,200311,"ESA 1997, The Tycho Catalogues","1997ESASP1200.....P",,"Hp(102)Bt(152)Vt(152)"
0030,200311,"Adelman, S. J.","1997A&AS..122..249A","HD200030","u(156)v(156)b(156)y(156)"
0000,201601,"ESA 1997, The Tycho Catalogues","1997ESASP1200.....P",,"Hp(74)Bt(77)Vt(77)"
0058,201601,"Winzer, John Ernest","1974PhDT........61W","HD202275","U(7)B(7)V(7)"
0077,201601,"van Genderen, A. M.","1971A&A....14...48V","HD201616","V(24)B(23)L(22)U(23)W(22) [in mag, in paper logE]"
0081,201601,"Deul, E. R.; van Genderen, A. M.","1983A&A...118..289D","HD201616","V(8)B(8)L(8)U(8)W(8) [in mag, in paper logE]"
0092,201601,"Manfroid, J.; Sterken, C.; Bruch, A.; et al.","1995yCat.2170....0M",,"u(64)v(64)b(64)y(64)"
0093,201601,"Sterken, C.; Manfroid, J.; Anton, K.; et al.","1995yCat.2188....0S",,"u(119)v(119)b(119)y(119)"
0097,201601,"Manfroid, J.; Sterken, C.; et al.","1995yCat.2200....0M",,"u(40)v(40)b(40)y(40)"
0111,201601,"Pojmanski, G.","2002AcA....52..397P",,"V(314)"
0122,201601,"Gruberbauer, M.; Saio, H.; Huber, D.; and co.","2008A&A...480..223G",,"Vm(48915)"
0000,203006,"ESA 1997, The Tycho Catalogues","1997ESASP1200.....P",,"Hp(112)Bt(180)Vt(180)"
0075,203006,"Morrison, Nancy D.; Wolff, Sidney C.","1971PASP...83..474M","HD201772","u(35)v(35)b(35)y(35)"
0081,203006,"Deul, E. R.; van Genderen, A. M.","1983A&A...118..289D","HD203585","V(18)B(18)L(18)U(18)W(18)"
0111,203006,"Pojmanski, G.","2002AcA....52..397P",,"V(512)"
0000,204131,"ESA 1997, The Tycho Catalogues","1997ESASP1200.....P",,"Hp(141)Bt(173)Vt(173)"
0058,204131,"Winzer, John Ernest","1974PhDT........61W","HD205314","U(7)B(7)V(7)"
0112,204131,"Adelman, Saul J.","2007PASP..119..980A","HD205314","u(89)v(89)b(89)y(89)"
0000,204411,"ESA 1997, The Tycho Catalogues","1997ESASP1200.....P",,"Hp(123)Bt(161)Vt(161)"
0058,204411,"Winzer, John Ernest","1974PhDT........61W","HD205314","U(13)B(13)V(13)"
0076,204411,"Adelman, S. J.; Brown, B. H.; et al.","1994A&AS..106..333A","HD205314","u(67)v(67)b(67)y(67)"
0082,204411,"Adelman, S. J.","2003A&A...401..357A","HD205314","u(116)v(116)b(116)y(116)"
0102,204411,"Adelman, S. J.; Rice, R. H.","1999A&AS..136..111A","HD205314","u(108)v(108)b(108)y(108)"
0000,205087,"ESA 1997, The Tycho Catalogues","1997ESASP1200.....P",,"Hp(132)Bt(187)Vt(187)"
0016,205087,"Adelman, S. J.; Knox, J. R., Jr.","1994A&AS..103....1A","HD205420","u(36)v(36)b(36)y(36)"
0058,205087,"Winzer, John Ernest","1974PhDT........61W","HD205541","U(7)B(7)V(7)"
0111,205087,"Pojmanski, G.","2002AcA....52..397P",,"V(413)"
0115,205087,"Adelman, Saul J.; Woodrow, Stephanie L.","2007PASP..119.1256A","HD205420","u(80)v(80)b(80)y(80)"
0000,205637,"ESA 1997, The Tycho Catalogues","1997ESASP1200.....P",,"Hp(87)Bt(112)Vt(112)"
0092,205637,"Manfroid, J.; Sterken, C.; Bruch, A.; et al.","1995yCat.2170....0M",,"u(140)v(140)b(140)y(140)"
0093,205637,"Sterken, C.; Manfroid, J.; Anton, K.; et al.","1995yCat.2188....0S",,"u(107)v(107)b(107)y(107)"
0097,205637,"Manfroid, J.; Sterken, C.; et al.","1995yCat.2200....0M",,"u(26)v(26)b(26)y(26)"
0105,205637,"Cuypers, J.; Balona, L. A.; Marang, F.","1989A&AS...81..151C",,"u(102)v(102)b(565)y(102)"
0111,205637,"Pojmanski, G.","2002AcA....52..397P",,"V(728)"
0000,206653,"ESA 1997, The Tycho Catalogues","1997ESASP1200.....P",,"Hp(194)Bt(100)Vt(100)"
0004,206653,"Vogt, N.; Faundez, A. M.","1979A&AS...36..477V",,"u(4)v(4)b(4)y(4)"
0111,206653,"Pojmanski, G.","2002AcA....52..397P",,"V(789)"
0117,206653,"Hensberge, H.; de Loore, C.; Zuiderwijk, E. J.","1977A&A....54..443H","HD205348","u(16)v(16)b(16)y(16)"
0000,207188,"ESA 1997, The Tycho Catalogues","1997ESASP1200.....P",,"Hp(49)Bt(76)Vt(76)"
0111,207188,"Pojmanski, G.","2002AcA....52..397P",,"V(496)"
0117,207188,"Hensberge, H.; de Loore, C.; Zuiderwijk, E. J.","1977A&A....54..443H","HD205705","u(15)v(15)b(15)y(15)"
0130,207188,"Woźniak, P. R.; Vestrand, W. T.; and co.","2004AJ....127.2436W",,"R(7)"
0000,210071,"ESA 1997, The Tycho Catalogues","1997ESASP1200.....P",,"Hp(146)Bt(196)Vt(196)"
0058,210071,"Winzer, John Ernest","1974PhDT........61W","HD209124","U(13)B(13)V(13)"
0070,210071,"Adelman, Saul J.","2001A&A...368..225A","HD209124","u(84)v(84)b(84)y(84)"
0076,210071,"Adelman, S. J.; Brown, B. H.; et al.","1994A&AS..106..333A","HD209124","u(77)v(77)b(77)y(77)"
0000,211838,"ESA 1997, The Tycho Catalogues","1997ESASP1200.....P",,"Hp(58)Bt(73)Vt(73)"
0086,211838,"Adelman, S. J.; Young, K. J.","2005A&A...429..317A","HD213320","u(44)v(44)b(44)y(44)"
0000,212432,"ESA 1997, The Tycho Catalogues","1997ESASP1200.....P",,"Hp(76)Bt(110)Vt(110)"
0111,212432,"Pojmanski, G.","2002AcA....52..397P",,"V(488)"
0117,212432,"Hensberge, H.; de Loore, C.; Zuiderwijk, E. J.","1977A&A....54..443H","HD210931","u(12)v(12)b(12)y(12)"
0119,212432,"Hensberge, H.; Sterken, C.; van der Linden, T.","1978A&AS...34...67H","HD210931","u(12)v(12)b(12)y(12)"
0130,212432,"Woźniak, P. R.; Vestrand, W. T.; and co.","2004AJ....127.2436W",,"R(9)"
0000,215441,"ESA 1997, The Tycho Catalogues","1997ESASP1200.....P",,"Hp(132)Bt(184)Vt(183)"
0022,215441,"North, P.; Adelman, S. J.","1995A&AS..111...41N","HD215501","u(73)v(73)b(73)y(73)"
0022,215441,"North, P.; Adelman, S. J.","1995A&AS..111...41N",,"U(25)B(25)V(25)B1(25)B2(25)V1(25)G(25)"
0041,215441,"Stepien, K.","1968ApJ...154..945S",,"U(22)B(22)V(22)"
0130,215441,"Woźniak, P. R.; Vestrand, W. T.; and co.","2004AJ....127.2436W",,"R(70)"
0142,215441,"Dukes, Robert J., Jr.; Adelman, Saul J.","2018PASP..130d4202D",,"HD215501	u(293)v(293)b(293)y(293)"
0000,216533,"ESA 1997, The Tycho Catalogues","1997ESASP1200.....P",,"Hp(115)Bt(147)Vt(147)"
0104,216533,"Wolff, Sidney C.; Morrison, Nancy D.","1973PASP...85..141W","HD8710,HD8862","u(29)v(29)b(29)y(29)"
0130,216533,"Woźniak, P. R.; Vestrand, W. T.; and co.","2004AJ....127.2436W",,"R(68)"
0000,217833,"ESA 1997, The Tycho Catalogues","1997ESASP1200.....P",,"Hp(137)Bt(155)Vt(155)"
0082,217833,"Adelman, S. J.","2003A&A...401..357A","HD217348","u(61)v(61)b(61)y(61)"
0000,219749,"ESA 1997, The Tycho Catalogues","1997ESASP1200.....P",,"Hp(178)Bt(176)Vt(176)"
0032,219749,"Adelman, Saul J.","2000A&A...357..548A","HD219891","u(58)v(58)b(58)y(58)"
0000,220147,"ESA 1997, The Tycho Catalogues","1997ESASP1200.....P",,"Hp(133)Bt(207)Vt(206)"
0116,220147,"Adelman, Saul J.","2005PASP..117..476A","HD217348","u(75)v(75)b(75)y(75)"
0000,220885,"ESA 1997, The Tycho Catalogues","1997ESASP1200.....P",,"Hp(199)Bt(227)Vt(227)"
0116,220885,"Adelman, Saul J.","2005PASP..117..476A","HD222109","u(67)v(67)b(67)y(67)"
0000,220933,"ESA 1997, The Tycho Catalogues","1997ESASP1200.....P",,"Hp(115)Bt(161)Vt(161)"
0106,220933,"Hildebrandt, G.; Sch  neich, W.","1974AN....295..217H","HD220694","U(7)B(7)V(7)"
0111,220933,"Pojmanski, G.","2002AcA....52..397P",,"V(825)"
0000,221394,"ESA 1997, The Tycho Catalogues","1997ESASP1200.....P",,"Hp(120)Bt(148)Vt(148)"
0019,221394,"Adelman, S. J.; Boyce, P. W.","1995A&AS..114..253A","HD220933","u(69)v(69)b(69)y(69)"
0058,221394,"Winzer, John Ernest","1974PhDT........61W","HD221605","U(15)B(15)V(15)"
0000,221760,"ESA 1997, The Tycho Catalogues","1997ESASP1200.....P",,"Hp(103)Bt(145)Vt(145)"
0006,221760,"Groote, D.; Kaufmann, J. P.","1983A&AS...53...91G",,"J(3)H(3)K(3)L(3)M(3)"
0077,221760,"van Genderen, A. M.","1971A&A....14...48V","HD221736","V(26)B(21)L(21)U(21)W(21) [in mag, in paper logE]"
0092,221760,"Manfroid, J.; Sterken, C.; Bruch, A.; et al.","1995yCat.2170....0M",,"u(233)v(233)b(233)y(233)"
0093,221760,"Sterken, C.; Manfroid, J.; Anton, K.; et al.","1995yCat.2188....0S",,"u(9)v(9)b(9)y(9)"
0111,221760,"Pojmanski, G.","2002AcA....52..397P",,"V(825)"
0000,223358,"ESA 1997, The Tycho Catalogues","1997ESASP1200.....P",,"Hp(130)Bt(175)Vt(175)"
0058,223358,"Winzer, John Ernest","1974PhDT........61W","HD225289","U(14)B(14)V(14)"
0086,223358,"Adelman, S. J.; Young, K. J.","2005A&A...429..317A","HD223624","u(53)v(53)b(53)y(53)"
0107,223358,"Burke, E. W., Jr.; Barr, T. H.","1981PASP...93..344","HD224893","U(32)B(17)V(18)"
0000,223640,"ESA 1997, The Tycho Catalogues","1997ESASP1200.....P",,"Hp(84)Bt(105)Vt(105)"
0016,223640,"Adelman, S. J.; Knox, J. R., Jr.","1994A&AS..103....1A","HD222847","u(48)v(48)b(48)y(48)"
0033,223640,"Adelman, S. J.","1997A&AS..125...65A","HD222847","u(147)v(147)b(147)y(147)"
0111,223640,"Pojmanski, G.","2002AcA....52..397P",,"V(415)"